experiment,run_id,seed,mode,dataset,description,pos_rmse_3d_whole_m,pos_rmse_3d_m,pos_rmse_horizontal_m,vel_rmse_3d_mps,att_rmse_deg,att_max_deg,pos_final_error_m,pos_max_error_m,accel_bias_rmse_mps2,gyro_bias_rmse_radps,pos_mean_err_x_m,pos_mean_err_y_m,pos_mean_err_z_m,pos_mean_err_body_x_m,pos_mean_err_body_y_m,pos_mean_err_body_z_m,pos_3sigma_coverage_min,gnss_accepted,gnss_rejected,gnss_nis_mean_pre_gate,lidar_accepted,lidar_rejected,lidar_nis_mean_pre_gate,rpe_mean_m,rpe_max_m,max_pos_err_in_interval_m,fusion_policy,time_on_lidar_s,policy_switches,outlier_recall,false_rejection_rate,wall_time_s
E1,E1_imu_only,7,imu_only,zero_bias,Zero-bias noisy motion; IMU only,934.844,976.406,976.173,20.3677,1.65029,1.94881,2050.27,2050.27,0,0,23.9201,766.835,-20.0912,-71.1141,25.6203,-20.0912,1,0,0,,0,0,,171.571,313.805,,fuse,,,,,1.09761
E1,E1_eskf9_gnss,7,eskf9_gnss,zero_bias,Zero-bias noisy motion; 9-state + GNSS,0.634794,0.61297,0.389102,0.151801,0.502006,1.62367,0.265503,1.38333,0,0,0.0270762,0.015596,-0.106063,-0.0123287,0.0114452,-0.106063,0.996364,599,1,2.79714,0,0,,0.692779,1.35411,,fuse,,,,,1.14787
E1,E1_eskf9_all,7,eskf9_all,zero_bias,Zero-bias noisy motion; 9-state + GNSS + LiDAR,0.0976112,0.0913011,0.0691324,0.0658127,0.667683,2.05953,0.0655994,0.696796,0,0,0.004911,-0.00331499,-0.00244762,0.00278516,0.00289305,-0.00244762,0.999091,598,2,2.7946,1195,5,2.9845,0.15957,0.673705,,fuse,,,,,1.2286
E2,E2_imu_only,7,imu_only,biased,Biased motion; IMU only,1006.7,1051.46,1041.89,21.5975,2.9704,4.68738,2178.5,2178.5,0.0526884,0.00136596,127.574,815.7,-114.356,-68.5865,32.0573,-114.356,1,0,0,,0,0,,183.725,321.891,,fuse,,,,,0.924999
E2,E2_eskf9_all,7,eskf9_all,biased,Biased motion; 9-state (assumes zero bias),0.160794,0.161558,0.0823163,0.136919,2.9294,5.53026,0.173331,0.696801,0.0526884,0.00136596,0.00582921,-0.0045711,-0.125577,-0.000301424,0.00498509,-0.125577,0.779929,598,2,2.79811,1192,8,3.48816,0.153042,0.731403,,fuse,,,,,1.31476
E2,E2_eskf15_all,7,eskf15_all,biased,Biased motion; 15-state (estimates biases),0.102938,0.0958819,0.0750621,0.0723339,1.97838,5.11304,0.0722487,0.696801,0.0211806,0.000878604,0.0038295,0.000748619,-0.00900831,0.00921619,0.00758625,-0.00900831,0.999091,598,2,2.79408,1196,4,2.98188,0.163791,0.711474,,fuse,,,,,1.58126
E3,E3_eskf15_gnss_reference,7,eskf15_gnss,biased,15-state GNSS-only; no dropout (reference),0.678499,0.676417,0.466284,0.22646,1.43865,4.59977,0.321715,1.41392,0.0264861,0.000798259,0.00915835,0.041313,0.0520968,-0.02612,-0.0521723,0.0520968,0.994546,599,1,2.79553,0,0,,0.773351,1.25468,,fuse,,,,,1.45502
E3,E3_eskf15_gnss_gnss_dropout,7,eskf15_gnss,biased,15-state GNSS-only; GNSS absent [40.0; 60.0) s,3.08581,3.21607,3.12269,0.447121,1.65347,6.08439,0.288192,15.0605,0.0292908,0.000872227,-0.891968,-0.434385,0.217192,-0.919083,-0.295131,0.217192,1,499,1,2.7059,0,0,,3.18349,15.1698,,fuse,,,,,1.05792
E4,E4_eskf15_all_gnss_dropout,7,eskf15_all,biased,15-state GNSS+LiDAR; GNSS absent [40.0; 60.0) s (LiDAR continues),0.103277,0.0962787,0.0755037,0.0724506,2.04013,5.11304,0.0725423,0.696801,0.0211338,0.000894582,0.00406837,0.000825741,-0.00913856,0.00917935,0.00872321,-0.00913856,0.999091,498,2,2.71158,1196,4,2.98098,0.163517,0.711474,,fuse,,,,,1.47285
E5,E5_eskf15_all_total_dropout,7,eskf15_all,biased,15-state; GNSS and LiDAR absent [40.0; 60.0) s,4.28156,4.47167,4.46983,0.597878,2.14468,5.11304,0.0708267,23.3657,0.0270096,0.000936013,-0.333482,-1.34935,0.0120817,-0.664433,-0.997066,0.0120817,0.999091,498,2,2.70922,997,3,2.92684,4.03304,23.2952,,fuse,,,,,1.42994
E5,E5_eskf15_all_total_dropout_gating_off,7,eskf15_all,biased,Same as E5; gating disabled (diagnostic),3.81612,3.98552,3.98324,0.541513,1.80059,4.23771,0.0713664,20.9507,0.0252924,0.000786899,-0.225808,-1.21254,0.018312,-0.543322,-0.922209,0.018312,0.999091,500,0,2.70958,1000,0,2.92435,3.62732,20.8853,,fuse,,,,,1.53453
E6,E6_eskf15_gnss_gnss_cov_x0.1,7,eskf15_gnss,biased,eskf15_gnss; assumed GNSS covariance x0.1 (same measurements),196.194,204.84,202.982,16.2098,42.9945,69.7665,285.698,722.219,0.119151,0.0105816,19.3486,109.542,15.1175,-1.32081,41.8565,15.1175,0.498137,19,581,73.7335,0,0,,138.578,426.581,,fuse,,,,,1.11688
E6,E6_eskf15_gnss_gnss_cov_x1,7,eskf15_gnss,biased,eskf15_gnss; assumed GNSS covariance x1 (same measurements),0.678499,0.676417,0.466284,0.22646,1.43865,4.59977,0.321715,1.41392,0.0264861,0.000798259,0.00915835,0.041313,0.0520968,-0.02612,-0.0521723,0.0520968,0.994546,599,1,2.79553,0,0,,0.773351,1.25468,,fuse,,,,,1.30598
E6,E6_eskf15_gnss_gnss_cov_x10,7,eskf15_gnss,biased,eskf15_gnss; assumed GNSS covariance x10 (same measurements),0.94871,0.878159,0.496774,0.26391,1.81105,3.6196,0.263996,2.21851,0.0247812,0.000812112,0.0716427,0.0166996,0.116364,-0.0521401,-0.144399,0.116364,1,600,0,0.301471,0,0,,0.891593,1.68641,,fuse,,,,,1.31657
E6,E6_eskf15_all_gnss_cov_x0.1,7,eskf15_all,biased,eskf15_all; assumed GNSS covariance x0.1 (same measurements),0.105574,0.0985717,0.0770657,0.0733255,1.7034,4.70321,0.0791422,0.696801,0.0229222,0.000820661,0.00342569,-0.00198821,-0.00739083,0.0110239,0.00485311,-0.00739083,0.993637,201,399,27.3116,1196,4,3.01217,0.160567,0.693158,,fuse,,,,,1.61258
E6,E6_eskf15_all_gnss_cov_x1,7,eskf15_all,biased,eskf15_all; assumed GNSS covariance x1 (same measurements),0.102938,0.0958819,0.0750621,0.0723339,1.97838,5.11304,0.0722487,0.696801,0.0211806,0.000878604,0.0038295,0.000748619,-0.00900831,0.00921619,0.00758625,-0.00900831,0.999091,598,2,2.79408,1196,4,2.98188,0.163791,0.711474,,fuse,,,,,1.46616
E6,E6_eskf15_all_gnss_cov_x10,7,eskf15_all,biased,eskf15_all; assumed GNSS covariance x10 (same measurements),0.103605,0.0959734,0.0749071,0.0719894,1.91179,4.80193,0.072594,0.696801,0.0199926,0.000830053,0.003518,-0.000265764,-0.00859635,0.00978647,0.0093147,-0.00859635,0.999091,600,0,0.279935,1195,5,2.98143,0.163235,0.709234,,fuse,,,,,1.5343
E7,E7_eskf15_all_lidar_arm_correct,7,eskf15_all,biased,Assumed LiDAR lever arm [0.5; 0.0; 1.2] (correct),0.102938,0.0958819,0.0750621,0.0723339,1.97838,5.11304,0.0722487,0.696801,0.0211806,0.000878604,0.0038295,0.000748619,-0.00900831,0.00921619,0.00758625,-0.00900831,0.999091,598,2,2.79408,1196,4,2.98188,0.163791,0.711474,,fuse,,,,,1.46646
E7,E7_eskf15_all_lidar_arm_wrong,7,eskf15_all,biased,Assumed LiDAR lever arm [0.7; 0.1; 1.2] (true [0.5; 0.0; 1.2]),0.249422,0.248698,0.241592,0.0787664,1.92894,5.24212,0.225816,0.696801,0.0283469,0.000952366,0.000830929,-0.0310985,-0.00831879,0.204757,0.101315,-0.00831879,0.53886,599,1,2.85441,1194,6,2.98746,0.387252,0.855516,,fuse,,,,,1.48082
E9,E9_eskf15_gnss_degraded,7,eskf15_gnss,biased_gnss_degraded,GNSS-only; GNSS degraded in [40.0; 60.0) s (receiver unaware),25.8906,27.0409,26.9975,1.65505,6.87429,14.3583,0.178982,93.3255,0.048247,0.00232597,-1.33581,12.2208,0.730755,-1.81761,7.95967,0.730755,0.706663,435,165,15.3709,0,0,,13.7202,78.6196,45.9014,fuse,,,,,1.23799
E9,E9_eskf15_all_fuse_degraded,7,eskf15_all,biased_gnss_degraded,GNSS + LiDAR fused; GNSS degraded,0.103156,0.0961366,0.0753907,0.0723417,2.05244,5.11304,0.0726068,0.696801,0.0211311,0.000897082,0.00402535,0.000779457,-0.00912006,0.00913028,0.00892976,-0.00912006,0.999091,503,97,17.6781,1196,4,2.98028,0.162832,0.711474,0.190797,fuse,,,,,1.42536
E9,E9_eskf15_all_switch_degraded,7,eskf15_all,biased_gnss_degraded,GNSS / LiDAR switching; GNSS degraded,0.554568,0.53929,0.36612,0.192212,1.85944,4.59977,0.294491,1.3755,0.0269779,0.000844692,-0.0152733,0.0328897,-0.00422015,-0.0576158,-0.023627,-0.00422015,1,481,0,2.6473,237,1,3.21848,0.685763,1.24707,0.311176,switch,23.8,4,,,1.21808
E10,E10_eskf15_all_switch,7,eskf15_all,biased,GNSS / LiDAR switching on nominal data (compare E2_eskf15_all; fused),0.658779,0.654807,0.452175,0.220913,1.46988,4.59977,0.315567,1.43005,0.0270162,0.000782732,0.00323551,0.0435797,0.0253932,-0.0147486,-0.0595409,0.0253932,0.994546,590,0,2.7586,20,0,2.723,0.769102,1.25248,,switch,2,2,,,1.33756
E10,E10_eskf15_all_switch_gnss_dropout,7,eskf15_all,biased,GNSS / LiDAR switching; GNSS absent [40.0; 60.0) s (compare E4; fused),0.554616,0.539344,0.366311,0.19249,1.83999,4.59977,0.292836,1.3755,0.0269814,0.000840185,-0.0157906,0.0327602,-0.00580322,-0.0570964,-0.024403,-0.00580322,0.999091,481,0,2.64728,234,1,3.21178,0.686005,1.24832,,switch,23.46,4,,,1.33339
E8,E8_eskf15_gnss_gating_off,7,eskf15_gnss,biased_outliers,eskf15_gnss with GNSS outliers; gating off,2.20788,2.29634,2.19005,0.654345,5.36278,20.455,1.19177,8.54121,0.0563651,0.00285593,-1.0122,0.79997,-0.355637,0.119916,-0.0762301,-0.355637,0.619307,600,0,30.9857,0,0,,2.59728,6.56378,,fuse,,,0,0,1.22615
E8,E8_eskf15_gnss_gating_on,7,eskf15_gnss,biased_outliers,eskf15_gnss with GNSS outliers; gating on,0.701396,0.701432,0.469391,0.228937,1.46958,4.62267,0.322761,1.43643,0.0269152,0.000819543,0.0124396,0.0263783,0.0565586,-0.0306099,-0.0512964,0.0565586,0.994546,571,29,29.0252,0,0,,0.84076,1.35181,,fuse,,,1,0.00174825,1.20254
E8,E8_eskf15_all_gating_off,7,eskf15_all,biased_outliers,eskf15_all with GNSS outliers; gating off,0.109215,0.103964,0.08596,0.0768705,2.13181,6.18671,0.0709715,0.696801,0.0223042,0.000874354,-0.00924952,0.00865829,-0.00996171,0.0112425,0.00727135,-0.00996171,0.989819,600,0,33.0567,1200,0,3.03429,0.172018,0.685487,,fuse,,,0,0,1.55786
E8,E8_eskf15_all_gating_on,7,eskf15_all,biased_outliers,eskf15_all with GNSS outliers; gating on,0.102896,0.0958326,0.074929,0.0722554,1.9616,5.03477,0.0722045,0.696801,0.020955,0.000869261,0.00378759,0.000506466,-0.00899029,0.00923199,0.0078354,-0.00899029,0.999091,570,30,33.0777,1196,4,2.98195,0.163697,0.711474,,fuse,,,1,0.0034965,1.52233
